{
    "without_cg cp": {
        "multi": {
            "cve_num": 50,
            "prefect_cve": 15,
            "tp": 1935,
            "fp": 875,
            "tn": 2925,
            "fn": 233,
            "pre": 0.689,
            "rec": 0.893,
            "f1": 0.7778470290771176
        },
        "single": {
            "cve_num": 52,
            "prefect_cve": 32,
            "tp": 2397,
            "fp": 113,
            "tn": 3478,
            "fn": 117,
            "pre": 0.955,
            "rec": 0.953,
            "f1": 0.9539989517819706
        },
        "hybrid": {
            "cve_num": 102,
            "prefect_cve": 47,
            "tp": 4332,
            "fp": 988,
            "tn": 6403,
            "fn": 350,
            "pre": 0.814,
            "rec": 0.925,
            "f1": 0.8659574468085107
        }
    },
    "without_ref cp": {
        "multi": {
            "cve_num": 50,
            "prefect_cve": 17,
            "tp": 1711,
            "fp": 362,
            "tn": 3438,
            "fn": 457,
            "pre": 0.825,
            "rec": 0.789,
            "f1": 0.8065985130111525
        },
        "single": {
            "cve_num": 52,
            "prefect_cve": 32,
            "tp": 2397,
            "fp": 113,
            "tn": 3478,
            "fn": 117,
            "pre": 0.955,
            "rec": 0.953,
            "f1": 0.9539989517819706
        },
        "hybrid": {
            "cve_num": 102,
            "prefect_cve": 49,
            "tp": 4108,
            "fp": 475,
            "tn": 6916,
            "fn": 574,
            "pre": 0.896,
            "rec": 0.877,
            "f1": 0.8863981951494642
        }
    },
    "without_all cp": {
        "multi": {
            "cve_num": 50,
            "prefect_cve": 20,
            "tp": 1526,
            "fp": 464,
            "tn": 3336,
            "fn": 642,
            "pre": 0.767,
            "rec": 0.704,
            "f1": 0.7341509177430319
        },
        "single": {
            "cve_num": 52,
            "prefect_cve": 32,
            "tp": 2397,
            "fp": 113,
            "tn": 3478,
            "fn": 117,
            "pre": 0.955,
            "rec": 0.953,
            "f1": 0.9539989517819706
        },
        "hybrid": {
            "cve_num": 102,
            "prefect_cve": 52,
            "tp": 3923,
            "fp": 577,
            "tn": 6814,
            "fn": 759,
            "pre": 0.872,
            "rec": 0.838,
            "f1": 0.8546619883040936
        }
    },
    "intra_1": {
        "multi": {
            "cve_num": 50,
            "prefect_cve": 20,
            "tp": 1691,
            "fp": 465,
            "tn": 3335,
            "fn": 477,
            "pre": 0.784,
            "rec": 0.78,
            "f1": 0.781994884910486
        },
        "single": {
            "cve_num": 52,
            "prefect_cve": 27,
            "tp": 2037,
            "fp": 198,
            "tn": 3393,
            "fn": 477,
            "pre": 0.911,
            "rec": 0.81,
            "f1": 0.8575363160952935
        },
        "hybrid": {
            "cve_num": 102,
            "prefect_cve": 47,
            "tp": 3728,
            "fp": 663,
            "tn": 6728,
            "fn": 954,
            "pre": 0.849,
            "rec": 0.796,
            "f1": 0.8216462006079028
        }
    },
    "without_unixcoder": {
        "multi": {
            "cve_num": 50,
            "prefect_cve": 22,
            "tp": 1899,
            "fp": 489,
            "tn": 3311,
            "fn": 269,
            "pre": 0.795,
            "rec": 0.876,
            "f1": 0.8335368043087972
        },
        "single": {
            "cve_num": 52,
            "prefect_cve": 21,
            "tp": 2021,
            "fp": 130,
            "tn": 3461,
            "fn": 493,
            "pre": 0.94,
            "rec": 0.804,
            "f1": 0.866697247706422
        },
        "hybrid": {
            "cve_num": 102,
            "prefect_cve": 43,
            "tp": 3920,
            "fp": 619,
            "tn": 6772,
            "fn": 762,
            "pre": 0.864,
            "rec": 0.837,
            "f1": 0.8502857142857142
        }
    },
    "original": {
        "multi": {
            "cve_num": 50,
            "prefect_cve": 30,
            "tp": 2027,
            "fp": 305,
            "tn": 3495,
            "fn": 141,
            "pre": 0.869,
            "rec": 0.935,
            "f1": 0.9007926829268292
        },
        "single": {
            "cve_num": 52,
            "prefect_cve": 32,
            "tp": 2397,
            "fp": 113,
            "tn": 3478,
            "fn": 117,
            "pre": 0.955,
            "rec": 0.953,
            "f1": 0.9539989517819706
        },
        "hybrid": {
            "cve_num": 102,
            "prefect_cve": 62,
            "tp": 4424,
            "fp": 418,
            "tn": 6973,
            "fn": 258,
            "pre": 0.914,
            "rec": 0.945,
            "f1": 0.9292415277030661
        }
    }
}