{
    "1": {
        "precision": 0.864,
        "recall": 0.851,
        "f1-score": 0.8574507288629739
    },
    "2": {
        "precision": 0.867,
        "recall": 0.865,
        "f1-score": 0.865998845265589
    },
    "3": {
        "precision": 0.89,
        "recall": 0.911,
        "f1-score": 0.9003775680177678
    },
    "4": {
        "precision": 0.914,
        "recall": 0.945,
        "f1-score": 0.9292415277030661
    },
    "5": {
        "precision": 0.754,
        "recall": 0.91,
        "f1-score": 0.8246874999999999
    },
    "6": {
        "precision": 0.755,
        "recall": 0.911,
        "f1-score": 0.8256962785114046
    },
    "7": {
        "precision": 0.751,
        "recall": 0.91,
        "f1-score": 0.8228898254063818
    },
    "8": {
        "precision": 0.725,
        "recall": 0.868,
        "f1-score": 0.7900816070307596
    },
    "9": {
        "precision": 0.588,
        "recall": 0.65,
        "f1-score": 0.6174474959612277
    }
}