{
    "1": {
        "precision": 0.868,
        "recall": 0.875,
        "f1-score": 0.8714859437751004
    },
    "2": {
        "precision": 0.877,
        "recall": 0.873,
        "f1-score": 0.8749954285714285
    },
    "3": {
        "precision": 0.914,
        "recall": 0.945,
        "f1-score": 0.9292415277030661
    },
    "4": {
        "precision": 0.877,
        "recall": 0.872,
        "f1-score": 0.8744928530588907
    },
    "5": {
        "precision": 0.876,
        "recall": 0.868,
        "f1-score": 0.8719816513761468
    }
}