{
    "1": {
        "precision": 0.849,
        "recall": 0.795,
        "f1-score": 0.8211131386861313
    },
    "2": {
        "precision": 0.906,
        "recall": 0.858,
        "f1-score": 0.8813469387755103
    },
    "3": {
        "precision": 0.914,
        "recall": 0.945,
        "f1-score": 0.9292415277030661
    },
    "4": {
        "precision": 0.913,
        "recall": 0.933,
        "f1-score": 0.9228916576381365
    },
    "5": {
        "precision": 0.913,
        "recall": 0.934,
        "f1-score": 0.923380617217109
    }
}