{
    "0": {
        "precision": 0.522,
        "recall": 0.906,
        "f1-score": 0.6623697478991597
    },
    "1": {
        "precision": 0.87,
        "recall": 0.97,
        "f1-score": 0.9172826086956523
    },
    "2": {
        "precision": 0.87,
        "recall": 0.97,
        "f1-score": 0.9172826086956523
    },
    "3": {
        "precision": 0.87,
        "recall": 0.969,
        "f1-score": 0.9168352365415986
    },
    "4": {
        "precision": 0.873,
        "recall": 0.969,
        "f1-score": 0.9184983713355048
    },
    "5": {
        "precision": 0.886,
        "recall": 0.955,
        "f1-score": 0.9192069527430744
    },
    "6": {
        "precision": 0.914,
        "recall": 0.945,
        "f1-score": 0.9292415277030661
    },
    "7": {
        "precision": 0.913,
        "recall": 0.877,
        "f1-score": 0.8946379888268157
    },
    "8": {
        "precision": 0.898,
        "recall": 0.629,
        "f1-score": 0.7398061558611657
    },
    "9": {
        "precision": 0.896,
        "recall": 0.317,
        "f1-score": 0.468313272877164
    },
    "10": {
        "precision": 0.765,
        "recall": 0.1,
        "f1-score": 0.17687861271676303
    }
}